{"duration": 0.03773355484008789, "input_args": {"data_chunk": "           50        51        52  ...        72        73        74\n0    0.289119  0.631288 -1.457156  ... -0.919452  0.497161  0.142426\n1   -0.158635 -1.035654 -1.674683  ... -0.454983 -1.225606 -1.277938\n2   -0.368249  0.341556  1.728698  ... -0.097287  2.093168  1.573355\n3    0.368357  0.846584 -0.570944  ...  0.856794  0.841820  0.554117\n4   -0.131138  0.348776  1.951013  ... -0.284364  0.185326  0.619171\n..        ...       ...       ...  ...       ...       ...       ...\n995 -1.068637 -1.407839 -0.598294  ...  0.148111 -1.214452 -0.705568\n996  2.450352 -0.789500  1.224178  ...  0.313775 -0.286943  2.008169\n997 -2.482292 -1.132875 -0.239419  ... -0.230735 -0.903380  1.106476\n998 -0.781295 -0.300262  1.180147  ...  1.499763  1.277598  0.373137\n999  2.172303 -2.303383  0.666754  ... -0.142841 -0.904597 -0.047017\n\n[1000 rows x 25 columns]"}, "time": 1720536464.5200696}