{"duration": 0.03560662269592285, "input_args": {"data_chunk": "           0         1         2   ...        22        23        24\n0    0.304717 -1.039984  0.750451  ...  1.222541 -0.154529 -0.428328\n1   -0.378163  1.299228 -0.356264  ...  0.219997  1.359188  0.835111\n2    0.337575  1.407482  0.090585  ...  0.176573 -1.084388  0.090490\n3    1.727350 -1.533861  0.863828  ...  1.171247  0.750869  1.820646\n4   -0.179611  0.196776  0.820528  ... -0.594400 -1.480537 -0.888134\n..        ...       ...       ...  ...       ...       ...       ...\n995  0.726428 -1.186656 -1.147690  ... -0.555304  1.322106  0.596472\n996  2.369942 -1.208948  1.211091  ... -1.976178  0.447757  0.719403\n997  1.199372  0.171758 -1.707581  ... -0.660549 -0.115410 -2.248202\n998 -1.299372 -1.236662  0.619596  ... -0.829837  1.603927  0.368586\n999 -0.181040  0.688536  0.012442  ... -0.699646 -0.493531  0.104093\n\n[1000 rows x 25 columns]"}, "time": 1720536464.4170983}