{"duration": 0.02560901641845703, "input_args": {"data_chunk": "           75        76        77  ...        97        98        99\n0    0.690485 -0.427253  0.158540  ... -0.997247  0.399774 -0.905479\n1    0.172588  1.579091  0.159992  ... -0.394605 -0.005122 -0.163443\n2    0.385847 -0.763057 -1.112411  ... -0.371915 -1.756722  0.327995\n3    2.327653 -0.205162 -2.003522  ...  0.229211  0.530065 -0.704673\n4   -0.339258  1.063852 -1.141938  ... -0.335607 -1.990812 -1.495061\n..        ...       ...       ...  ...       ...       ...       ...\n995 -1.614982 -0.817644  0.183339  ... -0.571699 -0.048263  1.579021\n996 -0.657063  0.260395  0.122399  ... -0.839134  1.185367 -1.000036\n997 -0.183395 -1.426051 -0.447627  ...  1.512992 -0.755702 -0.831042\n998 -0.238782 -0.331358 -0.729835  ...  0.486775 -1.873352 -0.284443\n999 -1.150124 -0.530947 -1.797164  ...  1.503177 -0.153266  0.654591\n\n[1000 rows x 25 columns]"}, "time": 1720536464.4532943}