{"duration": 0.02099132537841797, "input_args": {"data_chunk": "           25        26        27  ...        47        48        49\n0   -0.352134  0.532309  0.365444  ...  0.223596  0.678914  0.067579\n1    0.356871  1.463303 -1.188763  ... -0.140791  1.065980  0.157049\n2    0.228228  2.517474  1.876845  ...  1.836914  2.905067 -1.171567\n3    0.730775 -1.572040 -0.066953  ...  0.590906 -1.581594  1.475949\n4   -0.358017  0.803585  1.720770  ... -0.331488  1.114592  0.383377\n..        ...       ...       ...  ...       ...       ...       ...\n995 -0.919344 -1.593780 -0.917426  ...  0.090509 -0.382281  1.245755\n996  0.589524  0.570169  0.595509  ... -1.010612  0.294408 -0.202988\n997  0.135692  0.240186 -0.202218  ... -1.391164  1.401576 -0.112999\n998  0.927090  0.008670 -1.271448  ... -0.268582 -1.533411 -1.779179\n999 -0.824289 -0.506323 -1.118687  ...  0.358032 -0.100088 -2.057959\n\n[1000 rows x 25 columns]"}, "time": 1720536464.5520165}